arm,market,n_realizations,sharpe_ratio,annualized_return,max_drawdown,win_rate
BENCH_EQUAL_WEIGHT,Brazil,1,-0.8449185419405415,-0.1268863817301613,-0.1408858051262002,0.4820717131474104
BENCH_EQUAL_WEIGHT,China,1,0.7096620309260016,0.14966999797281488,-0.12385391569154783,0.47520661157024796
BENCH_EQUAL_WEIGHT,France,1,-0.2843150623674661,-0.04589859572798638,-0.12466369970817913,0.4921875
BENCH_EQUAL_WEIGHT,India,1,1.4996219457899318,0.15187356445196198,-0.06162148848321442,0.5528455284552846
BENCH_EQUAL_WEIGHT,UK,1,-0.3675068507100026,-0.04953370989870287,-0.06264665403504228,0.4409448818897638
BENCH_EQUAL_WEIGHT,US,1,1.67183291635267,0.31313942861938093,-0.09881761906451265,0.5436507936507936
BENCH_MOMENTUM_21,Brazil,1,-0.6737372246992138,-0.11492979495566913,-0.14644181833560524,0.43824701195219123
BENCH_MOMENTUM_21,China,1,0.805722787610051,0.19742774596235457,-0.13347688575984323,0.45041322314049587
BENCH_MOMENTUM_21,France,1,0.6350162400577867,0.0973083806738313,-0.14273786550043838,0.53125
BENCH_MOMENTUM_21,India,1,0.4685549191361032,0.06496283735116593,-0.10895868400559708,0.540650406504065
BENCH_MOMENTUM_21,UK,1,-0.41700289256350753,-0.06315927271699995,-0.14019687715043558,0.5196850393700787
BENCH_MOMENTUM_21,US,1,1.120273970662859,0.2162261109070589,-0.10614325023747125,0.5277777777777778
HIST_PRIOR,Brazil,1,0.209161873069363,0.019643275092844803,-0.16889083411475211,0.5139442231075697
HIST_PRIOR,China,1,0.7620662364873662,0.14813651359280877,-0.16531739193639264,0.4628099173553719
HIST_PRIOR,France,1,0.4440007301382431,0.052089997328650606,-0.08324209637087128,0.51953125
HIST_PRIOR,India,1,2.171703670762984,0.3696360681707205,-0.0805830568985274,0.5447154471544715
HIST_PRIOR,UK,1,0.5020634689140608,0.14256944516300107,-0.33180373221302634,0.547244094488189
HIST_PRIOR,US,1,1.1525862987311923,0.13536632458938325,-0.1031332434754041,0.5674603174603174
MEM_RANDOM,Brazil,3,-0.10488555726739048,-0.02466094809704818,-0.1432800036876852,0.5033200531208499
MEM_RANDOM,China,3,0.5114218826450091,0.09503559695161279,-0.17128415933203092,0.4573002754820936
MEM_RANDOM,France,3,0.45186631702994645,0.05316480918326172,-0.08409707746420957,0.5234375
MEM_RANDOM,India,3,2.1855287956983194,0.367685117889662,-0.0805830568985274,0.5501355013550135
MEM_RANDOM,UK,3,0.5075642713324078,0.14623407780278005,-0.3307539281947938,0.5485564304461943
MEM_RANDOM,US,3,1.1717272103800986,0.13868269241276843,-0.10312194792915537,0.5674603174603174
MEM_SIM,Brazil,1,0.6433220956170006,0.09405623334201318,-0.11383874539269385,0.4900398406374502
MEM_SIM,China,1,1.5319296356275776,0.42918128183163984,-0.12975680751496263,0.5041322314049587
MEM_SIM,France,1,0.005259120512598732,-0.011012354547045855,-0.0998904871427879,0.53515625
MEM_SIM,India,1,0.18615679813736907,0.01645536880943954,-0.15842429966205984,0.4959349593495935
MEM_SIM,UK,1,0.9002282397006093,0.14718240854468712,-0.10917760833463235,0.5078740157480315
MEM_SIM,US,1,2.563940828923383,0.5005477877156053,-0.058719146049281384,0.5555555555555556
MLP_BASE,Brazil,3,-0.01604383536793952,-0.016686980986145444,-0.12964074153547617,0.48339973439575035
MLP_BASE,China,3,0.7338589547148849,0.15236821225448485,-0.18091476515841312,0.4972451790633608
MLP_BASE,France,3,-0.4489120270583696,-0.08711382457700818,-0.22928862371553696,0.4947916666666667
MLP_BASE,India,3,1.4956107381826185,0.2568345850182394,-0.13330322251144897,0.5447154471544715
MLP_BASE,UK,3,0.9517735331203886,0.12547668295133022,-0.0927747676580623,0.5091863517060368
MLP_BASE,US,3,1.8307962230950372,0.46096665263374254,-0.13573725773094755,0.5476190476190476
MLP_GATE,Brazil,3,0.3612768484041891,0.044020364258334777,-0.12211562625357202,0.5033200531208499
MLP_GATE,China,3,1.4851044534193347,0.4210593752470793,-0.13425515787260855,0.5261707988980716
MLP_GATE,France,3,-0.5001486058669022,-0.085949485201533,-0.1919835013987804,0.51953125
MLP_GATE,India,3,0.2742419986715426,0.03072334423174113,-0.1495731369370633,0.5
MLP_GATE,UK,3,1.5251086553780189,0.21449883624325392,-0.05571291336446921,0.520997375328084
MLP_GATE,US,3,1.6725486182043827,0.2976364276868188,-0.09763838734448708,0.5714285714285714
MLP_MIX_SELECTED,Brazil,3,0.5322219040540402,0.07515451781349299,-0.12158861862523813,0.50066401062417
MLP_MIX_SELECTED,China,3,1.251362101542741,0.3437624375031574,-0.13497881246019744,0.5082644628099173
MLP_MIX_SELECTED,France,3,0.09604473880480753,0.0032964938981374647,-0.14660820198381538,0.5260416666666666
MLP_MIX_SELECTED,India,3,0.9105403481873076,0.12735196332219956,-0.13373192874995818,0.5284552845528455
MLP_MIX_SELECTED,UK,3,1.3287210044268962,0.2057658158603748,-0.0851720782716155,0.5091863517060368
MLP_MIX_SELECTED,US,3,1.3425556867321244,0.23917661346758426,-0.10538614937071254,0.5608465608465608
TRANS_BASE,Brazil,3,-1.1914767537970405,-0.26076066702370826,-0.27072838384881254,0.45949535192563085
TRANS_BASE,China,3,0.7066978802869467,0.16440922195062643,-0.17270321521957233,0.4834710743801653
TRANS_BASE,France,3,0.07767326674162484,-0.012017578674453447,-0.263556098652114,0.5091145833333334
TRANS_BASE,India,3,0.9385076267968945,0.13731692752184207,-0.09261959329583551,0.5582655826558266
TRANS_BASE,UK,3,-0.6876320997245825,-0.15045457537333093,-0.1875540550192065,0.4540682414698163
TRANS_BASE,US,3,1.8074608597274615,0.34423489079983954,-0.12106081261263767,0.5542328042328043
TRANS_GATE,Brazil,3,0.097953216703334,0.004666573972676484,-0.1678176734484741,0.49269588313413015
TRANS_GATE,China,3,1.0450774542822578,0.26487202372663604,-0.15041536225752697,0.49449035812672176
TRANS_GATE,France,3,-0.1084423461844608,-0.025658053989366342,-0.16433591814751322,0.5104166666666666
TRANS_GATE,India,3,0.7122731841452782,0.10638577414704135,-0.130699513023572,0.5487804878048781
TRANS_GATE,UK,3,0.6341909345595528,0.09522586016870489,-0.1628595325859031,0.5183727034120734
TRANS_GATE,US,3,1.7354837802510417,0.27935540759806415,-0.10590138015381258,0.5661375661375662
TRANS_MIX_SELECTED,Brazil,3,-0.2854031786844129,-0.08343491748887566,-0.21233882301294024,0.48339973439575035
TRANS_MIX_SELECTED,China,3,1.2241566056760131,0.3222999924644707,-0.15740835244335646,0.5013774104683195
TRANS_MIX_SELECTED,France,3,0.31245108586853626,0.05049544889817992,-0.21317737219216673,0.51171875
TRANS_MIX_SELECTED,India,3,1.0085610638873614,0.1510632865895817,-0.12020713879056173,0.548780487804878
TRANS_MIX_SELECTED,UK,3,-0.5503570136557048,-0.11369703052281503,-0.16662502947483146,0.4776902887139108
TRANS_MIX_SELECTED,US,3,1.6107707236922308,0.28838081138046356,-0.11874387155761228,0.5555555555555556
